row_idx	col_idx	log2ratio
1762819_s_at	con139	0
1761222_s_at	con139	0
1761030_s_at	con139	0
1759540_s_at	con139	0
1763146_s_at	con139	0
1759828_s_at	con139	0
1761884_s_at	con139	0
1761553_s_at	con139	0
1762701_s_at	con139	0
1761189_s_at	con139	0
1759302_s_at	con139	0
1759829_s_at	con139	1
1763491_s_at	con139	0
1762633_s_at	con139	0
1761245_s_at	con139	0
1761277_s_at	con139	0
1763426_s_at	con139	0
1759781_s_at	con139	0
1760088_s_at	con139	0
1759906_s_at	con139	0
1763132_s_at	con139	0
1761160_s_at	con139	0
1761128_at	con139	0
1763490_s_at	con139	0
1761620_s_at	con139	0
1760516_s_at	con139	0
1761944_s_at	con139	0
1763198_s_at	con139	1
1761873_s_at	con139	0
1759502_s_at	con139	0
1762151_s_at	con139	0
1760453_s_at	con139	0
1760164_s_at	con139	0
1762105_s_at	con139	0
1760894_s_at	con139	0
1761434_s_at	con139	-1
1762880_s_at	con139	0
1760951_s_at	con139	0
1762787_s_at	con139	0
1763138_s_at	con139	0
1761145_s_at	con139	0
1762983_s_at	con139	0
1762401_s_at	con139	0
1760594_s_at	con139	0
1762388_s_at	con139	0
1763383_at	con139	0
1762945_s_at	con139	0
1762118_s_at	con139	0
1759080_s_at	con139	0
1763410_s_at	con139	0
1762819_s_at	con128	0
1761222_s_at	con128	0
1761030_s_at	con128	0
1759540_s_at	con128	0
1763146_s_at	con128	0
1759828_s_at	con128	-1
1761884_s_at	con128	0
1761553_s_at	con128	0
1762701_s_at	con128	0
1761189_s_at	con128	1
1759302_s_at	con128	0
1759829_s_at	con128	0
1763491_s_at	con128	0
1762633_s_at	con128	0
1761245_s_at	con128	0
1761277_s_at	con128	0
1763426_s_at	con128	-1
1759781_s_at	con128	0
1760088_s_at	con128	0
1759906_s_at	con128	0
1763132_s_at	con128	0
1761160_s_at	con128	1
1761128_at	con128	0
1763490_s_at	con128	-1
1761620_s_at	con128	0
1760516_s_at	con128	0
1761944_s_at	con128	0
1763198_s_at	con128	0
1761873_s_at	con128	0
1759502_s_at	con128	0
1762151_s_at	con128	0
1760453_s_at	con128	0
1760164_s_at	con128	-1
1762105_s_at	con128	0
1760894_s_at	con128	0
1761434_s_at	con128	1
1762880_s_at	con128	0
1760951_s_at	con128	0
1762787_s_at	con128	0
1763138_s_at	con128	0
1761145_s_at	con128	0
1762983_s_at	con128	0
1762401_s_at	con128	0
1760594_s_at	con128	-1
1762388_s_at	con128	0
1763383_at	con128	0
1762945_s_at	con128	0
1762118_s_at	con128	0
1759080_s_at	con128	0
1763410_s_at	con128	0
1762819_s_at	con152	0
1761222_s_at	con152	0
1761030_s_at	con152	-1
1759540_s_at	con152	0
1763146_s_at	con152	0
1759828_s_at	con152	0
1761884_s_at	con152	0
1761553_s_at	con152	0
1762701_s_at	con152	0
1761189_s_at	con152	-1
1759302_s_at	con152	0
1759829_s_at	con152	-1
1763491_s_at	con152	0
1762633_s_at	con152	0
1761245_s_at	con152	2
1761277_s_at	con152	0
1763426_s_at	con152	1
1759781_s_at	con152	0
1760088_s_at	con152	0
1759906_s_at	con152	0
1763132_s_at	con152	-1
1761160_s_at	con152	0
1761128_at	con152	0
1763490_s_at	con152	0
1761620_s_at	con152	0
1760516_s_at	con152	0
1761944_s_at	con152	-1
1763198_s_at	con152	0
1761873_s_at	con152	0
1759502_s_at	con152	0
1762151_s_at	con152	0
1760453_s_at	con152	0
1760164_s_at	con152	0
1762105_s_at	con152	-1
1760894_s_at	con152	0
1761434_s_at	con152	-1
1762880_s_at	con152	0
1760951_s_at	con152	1
1762787_s_at	con152	0
1763138_s_at	con152	-1
1761145_s_at	con152	0
1762983_s_at	con152	0
1762401_s_at	con152	-1
1760594_s_at	con152	0
1762388_s_at	con152	-1
1763383_at	con152	0
1762945_s_at	con152	-1
1762118_s_at	con152	0
1759080_s_at	con152	0
1763410_s_at	con152	-1
1762819_s_at	con191	-2
1761222_s_at	con191	-3
1761030_s_at	con191	1
1759540_s_at	con191	1
1763146_s_at	con191	-1
1759828_s_at	con191	2
1761884_s_at	con191	0
1761553_s_at	con191	0
1762701_s_at	con191	0
1761189_s_at	con191	-2
1759302_s_at	con191	0
1759829_s_at	con191	1
1763491_s_at	con191	3
1762633_s_at	con191	0
1761245_s_at	con191	1
1761277_s_at	con191	0
1763426_s_at	con191	-1
1759781_s_at	con191	1
1760088_s_at	con191	2
1759906_s_at	con191	0
1763132_s_at	con191	-1
1761160_s_at	con191	0
1761128_at	con191	1
1763490_s_at	con191	2
1761620_s_at	con191	0
1760516_s_at	con191	0
1761944_s_at	con191	1
1763198_s_at	con191	0
1761873_s_at	con191	0
1759502_s_at	con191	0
1762151_s_at	con191	2
1760453_s_at	con191	1
1760164_s_at	con191	0
1762105_s_at	con191	1
1760894_s_at	con191	0
1761434_s_at	con191	0
1762880_s_at	con191	-1
1760951_s_at	con191	0
1762787_s_at	con191	0
1763138_s_at	con191	-1
1761145_s_at	con191	1
1762983_s_at	con191	-2
1762401_s_at	con191	1
1760594_s_at	con191	0
1762388_s_at	con191	0
1763383_at	con191	0
1762945_s_at	con191	-1
1762118_s_at	con191	4
1759080_s_at	con191	0
1763410_s_at	con191	0
1762819_s_at	con1028	0
1761222_s_at	con1028	0
1761030_s_at	con1028	-1
1759540_s_at	con1028	-1
1763146_s_at	con1028	0
1759828_s_at	con1028	0
1761884_s_at	con1028	-7
1761553_s_at	con1028	0
1762701_s_at	con1028	-1
1761189_s_at	con1028	-1
1759302_s_at	con1028	0
1759829_s_at	con1028	-1
1763491_s_at	con1028	0
1762633_s_at	con1028	0
1761245_s_at	con1028	0
1761277_s_at	con1028	1
1763426_s_at	con1028	0
1759781_s_at	con1028	-1
1760088_s_at	con1028	0
1759906_s_at	con1028	0
1763132_s_at	con1028	0
1761160_s_at	con1028	-1
1761128_at	con1028	0
1763490_s_at	con1028	0
1761620_s_at	con1028	0
1760516_s_at	con1028	0
1761944_s_at	con1028	-3
1763198_s_at	con1028	-1
1761873_s_at	con1028	0
1759502_s_at	con1028	0
1762151_s_at	con1028	0
1760453_s_at	con1028	-1
1760164_s_at	con1028	0
1762105_s_at	con1028	-3
1760894_s_at	con1028	0
1761434_s_at	con1028	-1
1762880_s_at	con1028	0
1760951_s_at	con1028	0
1762787_s_at	con1028	0
1763138_s_at	con1028	0
1761145_s_at	con1028	-1
1762983_s_at	con1028	-2
1762401_s_at	con1028	-1
1760594_s_at	con1028	0
1762388_s_at	con1028	-1
1763383_at	con1028	0
1762945_s_at	con1028	-1
1762118_s_at	con1028	-1
1759080_s_at	con1028	0
1763410_s_at	con1028	-2
1762819_s_at	con1027	0
1761222_s_at	con1027	-1
1761030_s_at	con1027	0
1759540_s_at	con1027	0
1763146_s_at	con1027	-1
1759828_s_at	con1027	-1
1761884_s_at	con1027	-1
1761553_s_at	con1027	0
1762701_s_at	con1027	-1
1761189_s_at	con1027	-1
1759302_s_at	con1027	0
1759829_s_at	con1027	0
1763491_s_at	con1027	0
1762633_s_at	con1027	0
1761245_s_at	con1027	1
1761277_s_at	con1027	0
1763426_s_at	con1027	-1
1759781_s_at	con1027	-2
1760088_s_at	con1027	0
1759906_s_at	con1027	-2
1763132_s_at	con1027	-1
1761160_s_at	con1027	-1
1761128_at	con1027	0
1763490_s_at	con1027	-1
1761620_s_at	con1027	-1
1760516_s_at	con1027	-1
1761944_s_at	con1027	-3
1763198_s_at	con1027	-1
1761873_s_at	con1027	0
1759502_s_at	con1027	0
1762151_s_at	con1027	0
1760453_s_at	con1027	-1
1760164_s_at	con1027	-1
1762105_s_at	con1027	-3
1760894_s_at	con1027	0
1761434_s_at	con1027	0
1762880_s_at	con1027	-1
1760951_s_at	con1027	0
1762787_s_at	con1027	0
1763138_s_at	con1027	-1
1761145_s_at	con1027	-1
1762983_s_at	con1027	-1
1762401_s_at	con1027	-1
1760594_s_at	con1027	-1
1762388_s_at	con1027	-1
1763383_at	con1027	0
1762945_s_at	con1027	-2
1762118_s_at	con1027	0
1759080_s_at	con1027	-1
1763410_s_at	con1027	-3
1762819_s_at	con126	0
1761222_s_at	con126	0
1761030_s_at	con126	0
1759540_s_at	con126	0
1763146_s_at	con126	-1
1759828_s_at	con126	0
1761884_s_at	con126	0
1761553_s_at	con126	-2
1762701_s_at	con126	-1
1761189_s_at	con126	0
1759302_s_at	con126	0
1759829_s_at	con126	0
1763491_s_at	con126	0
1762633_s_at	con126	0
1761245_s_at	con126	0
1761277_s_at	con126	0
1763426_s_at	con126	1
1759781_s_at	con126	0
1760088_s_at	con126	0
1759906_s_at	con126	0
1763132_s_at	con126	-1
1761160_s_at	con126	0
1761128_at	con126	0
1763490_s_at	con126	0
1761620_s_at	con126	0
1760516_s_at	con126	0
1761944_s_at	con126	0
1763198_s_at	con126	0
1761873_s_at	con126	0
1759502_s_at	con126	0
1762151_s_at	con126	0
1760453_s_at	con126	0
1760164_s_at	con126	0
1762105_s_at	con126	1
1760894_s_at	con126	1
1761434_s_at	con126	0
1762880_s_at	con126	0
1760951_s_at	con126	0
1762787_s_at	con126	0
1763138_s_at	con126	0
1761145_s_at	con126	0
1762983_s_at	con126	1
1762401_s_at	con126	0
1760594_s_at	con126	0
1762388_s_at	con126	0
1763383_at	con126	0
1762945_s_at	con126	0
1762118_s_at	con126	0
1759080_s_at	con126	0
1763410_s_at	con126	0
1762819_s_at	con127	0
1761222_s_at	con127	0
1761030_s_at	con127	0
1759540_s_at	con127	0
1763146_s_at	con127	0
1759828_s_at	con127	0
1761884_s_at	con127	2
1761553_s_at	con127	-1
1762701_s_at	con127	0
1761189_s_at	con127	0
1759302_s_at	con127	0
1759829_s_at	con127	0
1763491_s_at	con127	0
1762633_s_at	con127	0
1761245_s_at	con127	0
1761277_s_at	con127	0
1763426_s_at	con127	0
1759781_s_at	con127	0
1760088_s_at	con127	0
1759906_s_at	con127	0
1763132_s_at	con127	0
1761160_s_at	con127	1
1761128_at	con127	0
1763490_s_at	con127	-1
1761620_s_at	con127	0
1760516_s_at	con127	0
1761944_s_at	con127	0
1763198_s_at	con127	0
1761873_s_at	con127	0
1759502_s_at	con127	1
1762151_s_at	con127	0
1760453_s_at	con127	0
1760164_s_at	con127	1
1762105_s_at	con127	0
1760894_s_at	con127	0
1761434_s_at	con127	0
1762880_s_at	con127	0
1760951_s_at	con127	0
1762787_s_at	con127	0
1763138_s_at	con127	0
1761145_s_at	con127	0
1762983_s_at	con127	0
1762401_s_at	con127	0
1760594_s_at	con127	0
1762388_s_at	con127	0
1763383_at	con127	0
1762945_s_at	con127	0
1762118_s_at	con127	0
1759080_s_at	con127	1
1763410_s_at	con127	0
1762819_s_at	con130	-1
1761222_s_at	con130	0
1761030_s_at	con130	0
1759540_s_at	con130	1
1763146_s_at	con130	0
1759828_s_at	con130	0
1761884_s_at	con130	0
1761553_s_at	con130	0
1762701_s_at	con130	0
1761189_s_at	con130	0
1759302_s_at	con130	0
1759829_s_at	con130	0
1763491_s_at	con130	0
1762633_s_at	con130	0
1761245_s_at	con130	0
1761277_s_at	con130	0
1763426_s_at	con130	0
1759781_s_at	con130	0
1760088_s_at	con130	0
1759906_s_at	con130	0
1763132_s_at	con130	0
1761160_s_at	con130	0
1761128_at	con130	0
1763490_s_at	con130	0
1761620_s_at	con130	0
1760516_s_at	con130	0
1761944_s_at	con130	-1
1763198_s_at	con130	0
1761873_s_at	con130	0
1759502_s_at	con130	0
1762151_s_at	con130	0
1760453_s_at	con130	0
1760164_s_at	con130	0
1762105_s_at	con130	0
1760894_s_at	con130	0
1761434_s_at	con130	0
1762880_s_at	con130	0
1760951_s_at	con130	0
1762787_s_at	con130	0
1763138_s_at	con130	0
1761145_s_at	con130	0
1762983_s_at	con130	-1
1762401_s_at	con130	0
1760594_s_at	con130	0
1762388_s_at	con130	0
1763383_at	con130	-1
1762945_s_at	con130	0
1762118_s_at	con130	0
1759080_s_at	con130	0
1763410_s_at	con130	0
1762819_s_at	con150	1
1761222_s_at	con150	0
1761030_s_at	con150	-1
1759540_s_at	con150	0
1763146_s_at	con150	1
1759828_s_at	con150	-1
1761884_s_at	con150	0
1761553_s_at	con150	0
1762701_s_at	con150	0
1761189_s_at	con150	0
1759302_s_at	con150	-1
1759829_s_at	con150	0
1763491_s_at	con150	0
1762633_s_at	con150	0
1761245_s_at	con150	0
1761277_s_at	con150	0
1763426_s_at	con150	-1
1759781_s_at	con150	1
1760088_s_at	con150	-1
1759906_s_at	con150	-1
1763132_s_at	con150	1
1761160_s_at	con150	-1
1761128_at	con150	-1
1763490_s_at	con150	0
1761620_s_at	con150	0
1760516_s_at	con150	0
1761944_s_at	con150	-1
1763198_s_at	con150	0
1761873_s_at	con150	0
1759502_s_at	con150	-1
1762151_s_at	con150	-1
1760453_s_at	con150	0
1760164_s_at	con150	0
1762105_s_at	con150	0
1760894_s_at	con150	-1
1761434_s_at	con150	0
1762880_s_at	con150	2
1760951_s_at	con150	0
1762787_s_at	con150	-1
1763138_s_at	con150	1
1761145_s_at	con150	0
1762983_s_at	con150	1
1762401_s_at	con150	0
1760594_s_at	con150	0
1762388_s_at	con150	0
1763383_at	con150	0
1762945_s_at	con150	0
1762118_s_at	con150	-1
1759080_s_at	con150	0
1763410_s_at	con150	0
1762819_s_at	con138	0
1761222_s_at	con138	0
1761030_s_at	con138	0
1759540_s_at	con138	0
1763146_s_at	con138	0
1759828_s_at	con138	0
1761884_s_at	con138	0
1761553_s_at	con138	0
1762701_s_at	con138	0
1761189_s_at	con138	0
1759302_s_at	con138	0
1759829_s_at	con138	0
1763491_s_at	con138	0
1762633_s_at	con138	0
1761245_s_at	con138	0
1761277_s_at	con138	0
1763426_s_at	con138	0
1759781_s_at	con138	0
1760088_s_at	con138	0
1759906_s_at	con138	0
1763132_s_at	con138	0
1761160_s_at	con138	0
1761128_at	con138	0
1763490_s_at	con138	0
1761620_s_at	con138	0
1760516_s_at	con138	0
1761944_s_at	con138	0
1763198_s_at	con138	0
1761873_s_at	con138	0
1759502_s_at	con138	0
1762151_s_at	con138	0
1760453_s_at	con138	0
1760164_s_at	con138	0
1762105_s_at	con138	0
1760894_s_at	con138	0
1761434_s_at	con138	1
1762880_s_at	con138	0
1760951_s_at	con138	0
1762787_s_at	con138	0
1763138_s_at	con138	0
1761145_s_at	con138	0
1762983_s_at	con138	0
1762401_s_at	con138	0
1760594_s_at	con138	0
1762388_s_at	con138	0
1763383_at	con138	0
1762945_s_at	con138	0
1762118_s_at	con138	0
1759080_s_at	con138	0
1763410_s_at	con138	0
1762819_s_at	con103	0
1761222_s_at	con103	0
1761030_s_at	con103	0
1759540_s_at	con103	0
1763146_s_at	con103	0
1759828_s_at	con103	0
1761884_s_at	con103	-1
1761553_s_at	con103	0
1762701_s_at	con103	0
1761189_s_at	con103	0
1759302_s_at	con103	-1
1759829_s_at	con103	0
1763491_s_at	con103	1
1762633_s_at	con103	0
1761245_s_at	con103	0
1761277_s_at	con103	0
1763426_s_at	con103	0
1759781_s_at	con103	0
1760088_s_at	con103	0
1759906_s_at	con103	-1
1763132_s_at	con103	0
1761160_s_at	con103	-1
1761128_at	con103	0
1763490_s_at	con103	1
1761620_s_at	con103	0
1760516_s_at	con103	0
1761944_s_at	con103	2
1763198_s_at	con103	0
1761873_s_at	con103	0
1759502_s_at	con103	-2
1762151_s_at	con103	0
1760453_s_at	con103	0
1760164_s_at	con103	0
1762105_s_at	con103	2
1760894_s_at	con103	0
1761434_s_at	con103	1
1762880_s_at	con103	0
1760951_s_at	con103	0
1762787_s_at	con103	0
1763138_s_at	con103	0
1761145_s_at	con103	-1
1762983_s_at	con103	0
1762401_s_at	con103	0
1760594_s_at	con103	0
1762388_s_at	con103	-1
1763383_at	con103	0
1762945_s_at	con103	0
1762118_s_at	con103	0
1759080_s_at	con103	-1
1763410_s_at	con103	0
1762819_s_at	con136	0
1761222_s_at	con136	0
1761030_s_at	con136	0
1759540_s_at	con136	0
1763146_s_at	con136	0
1759828_s_at	con136	0
1761884_s_at	con136	0
1761553_s_at	con136	0
1762701_s_at	con136	0
1761189_s_at	con136	0
1759302_s_at	con136	0
1759829_s_at	con136	0
1763491_s_at	con136	0
1762633_s_at	con136	1
1761245_s_at	con136	0
1761277_s_at	con136	0
1763426_s_at	con136	0
1759781_s_at	con136	0
1760088_s_at	con136	0
1759906_s_at	con136	0
1763132_s_at	con136	0
1761160_s_at	con136	0
1761128_at	con136	0
1763490_s_at	con136	0
1761620_s_at	con136	0
1760516_s_at	con136	0
1761944_s_at	con136	0
1763198_s_at	con136	0
1761873_s_at	con136	0
1759502_s_at	con136	0
1762151_s_at	con136	0
1760453_s_at	con136	0
1760164_s_at	con136	0
1762105_s_at	con136	0
1760894_s_at	con136	0
1761434_s_at	con136	0
1762880_s_at	con136	0
1760951_s_at	con136	0
1762787_s_at	con136	0
1763138_s_at	con136	0
1761145_s_at	con136	0
1762983_s_at	con136	0
1762401_s_at	con136	0
1760594_s_at	con136	0
1762388_s_at	con136	0
1763383_at	con136	0
1762945_s_at	con136	0
1762118_s_at	con136	0
1759080_s_at	con136	0
1763410_s_at	con136	0
1762819_s_at	con1034	0
1761222_s_at	con1034	0
1761030_s_at	con1034	0
1759540_s_at	con1034	0
1763146_s_at	con1034	0
1759828_s_at	con1034	0
1761884_s_at	con1034	0
1761553_s_at	con1034	0
1762701_s_at	con1034	0
1761189_s_at	con1034	0
1759302_s_at	con1034	-1
1759829_s_at	con1034	-1
1763491_s_at	con1034	0
1762633_s_at	con1034	2
1761245_s_at	con1034	0
1761277_s_at	con1034	0
1763426_s_at	con1034	0
1759781_s_at	con1034	0
1760088_s_at	con1034	0
1759906_s_at	con1034	-1
1763132_s_at	con1034	0
1761160_s_at	con1034	0
1761128_at	con1034	0
1763490_s_at	con1034	0
1761620_s_at	con1034	0
1760516_s_at	con1034	-1
1761944_s_at	con1034	0
1763198_s_at	con1034	0
1761873_s_at	con1034	0
1759502_s_at	con1034	-1
1762151_s_at	con1034	0
1760453_s_at	con1034	0
1760164_s_at	con1034	0
1762105_s_at	con1034	0
1760894_s_at	con1034	0
1761434_s_at	con1034	0
1762880_s_at	con1034	0
1760951_s_at	con1034	0
1762787_s_at	con1034	0
1763138_s_at	con1034	0
1761145_s_at	con1034	0
1762983_s_at	con1034	0
1762401_s_at	con1034	0
1760594_s_at	con1034	0
1762388_s_at	con1034	-1
1763383_at	con1034	0
1762945_s_at	con1034	0
1762118_s_at	con1034	0
1759080_s_at	con1034	-1
1763410_s_at	con1034	0
1762819_s_at	con1037	0
1761222_s_at	con1037	0
1761030_s_at	con1037	0
1759540_s_at	con1037	-1
1763146_s_at	con1037	0
1759828_s_at	con1037	0
1761884_s_at	con1037	0
1761553_s_at	con1037	0
1762701_s_at	con1037	0
1761189_s_at	con1037	0
1759302_s_at	con1037	-1
1759829_s_at	con1037	0
1763491_s_at	con1037	0
1762633_s_at	con1037	1
1761245_s_at	con1037	-1
1761277_s_at	con1037	0
1763426_s_at	con1037	0
1759781_s_at	con1037	0
1760088_s_at	con1037	0
1759906_s_at	con1037	-1
1763132_s_at	con1037	0
1761160_s_at	con1037	0
1761128_at	con1037	0
1763490_s_at	con1037	0
1761620_s_at	con1037	0
1760516_s_at	con1037	-1
1761944_s_at	con1037	-1
1763198_s_at	con1037	0
1761873_s_at	con1037	0
1759502_s_at	con1037	-1
1762151_s_at	con1037	0
1760453_s_at	con1037	-1
1760164_s_at	con1037	0
1762105_s_at	con1037	0
1760894_s_at	con1037	0
1761434_s_at	con1037	0
1762880_s_at	con1037	0
1760951_s_at	con1037	0
1762787_s_at	con1037	0
1763138_s_at	con1037	0
1761145_s_at	con1037	0
1762983_s_at	con1037	0
1762401_s_at	con1037	0
1760594_s_at	con1037	0
1762388_s_at	con1037	0
1763383_at	con1037	0
1762945_s_at	con1037	0
1762118_s_at	con1037	0
1759080_s_at	con1037	-1
1763410_s_at	con1037	1
1762819_s_at	con1035	0
1761222_s_at	con1035	0
1761030_s_at	con1035	0
1759540_s_at	con1035	0
1763146_s_at	con1035	0
1759828_s_at	con1035	0
1761884_s_at	con1035	1
1761553_s_at	con1035	0
1762701_s_at	con1035	0
1761189_s_at	con1035	0
1759302_s_at	con1035	-1
1759829_s_at	con1035	-1
1763491_s_at	con1035	0
1762633_s_at	con1035	2
1761245_s_at	con1035	0
1761277_s_at	con1035	0
1763426_s_at	con1035	0
1759781_s_at	con1035	-1
1760088_s_at	con1035	0
1759906_s_at	con1035	-1
1763132_s_at	con1035	0
1761160_s_at	con1035	0
1761128_at	con1035	0
1763490_s_at	con1035	0
1761620_s_at	con1035	0
1760516_s_at	con1035	-1
1761944_s_at	con1035	0
1763198_s_at	con1035	0
1761873_s_at	con1035	0
1759502_s_at	con1035	-1
1762151_s_at	con1035	0
1760453_s_at	con1035	0
1760164_s_at	con1035	0
1762105_s_at	con1035	0
1760894_s_at	con1035	0
1761434_s_at	con1035	0
1762880_s_at	con1035	0
1760951_s_at	con1035	0
1762787_s_at	con1035	0
1763138_s_at	con1035	0
1761145_s_at	con1035	0
1762983_s_at	con1035	0
1762401_s_at	con1035	0
1760594_s_at	con1035	0
1762388_s_at	con1035	0
1763383_at	con1035	0
1762945_s_at	con1035	0
1762118_s_at	con1035	0
1759080_s_at	con1035	-1
1763410_s_at	con1035	0
1762819_s_at	con1038	0
1761222_s_at	con1038	0
1761030_s_at	con1038	-1
1759540_s_at	con1038	0
1763146_s_at	con1038	0
1759828_s_at	con1038	0
1761884_s_at	con1038	0
1761553_s_at	con1038	0
1762701_s_at	con1038	-1
1761189_s_at	con1038	0
1759302_s_at	con1038	-1
1759829_s_at	con1038	-1
1763491_s_at	con1038	0
1762633_s_at	con1038	0
1761245_s_at	con1038	-1
1761277_s_at	con1038	0
1763426_s_at	con1038	0
1759781_s_at	con1038	0
1760088_s_at	con1038	-1
1759906_s_at	con1038	-1
1763132_s_at	con1038	0
1761160_s_at	con1038	0
1761128_at	con1038	0
1763490_s_at	con1038	0
1761620_s_at	con1038	-1
1760516_s_at	con1038	-1
1761944_s_at	con1038	0
1763198_s_at	con1038	1
1761873_s_at	con1038	-1
1759502_s_at	con1038	-1
1762151_s_at	con1038	-1
1760453_s_at	con1038	0
1760164_s_at	con1038	0
1762105_s_at	con1038	0
1760894_s_at	con1038	0
1761434_s_at	con1038	-1
1762880_s_at	con1038	0
1760951_s_at	con1038	0
1762787_s_at	con1038	0
1763138_s_at	con1038	0
1761145_s_at	con1038	0
1762983_s_at	con1038	0
1762401_s_at	con1038	0
1760594_s_at	con1038	0
1762388_s_at	con1038	-1
1763383_at	con1038	0
1762945_s_at	con1038	0
1762118_s_at	con1038	0
1759080_s_at	con1038	-1
1763410_s_at	con1038	0
1762819_s_at	con186	0
1761222_s_at	con186	3
1761030_s_at	con186	1
1759540_s_at	con186	0
1763146_s_at	con186	0
1759828_s_at	con186	-1
1761884_s_at	con186	-1
1761553_s_at	con186	-1
1762701_s_at	con186	0
1761189_s_at	con186	2
1759302_s_at	con186	2
1759829_s_at	con186	-1
1763491_s_at	con186	-1
1762633_s_at	con186	0
1761245_s_at	con186	1
1761277_s_at	con186	0
1763426_s_at	con186	0
1759781_s_at	con186	0
1760088_s_at	con186	0
1759906_s_at	con186	1
1763132_s_at	con186	0
1761160_s_at	con186	3
1761128_at	con186	3
1763490_s_at	con186	-1
1761620_s_at	con186	1
1760516_s_at	con186	0
1761944_s_at	con186	0
1763198_s_at	con186	0
1761873_s_at	con186	0
1759502_s_at	con186	2
1762151_s_at	con186	0
1760453_s_at	con186	2
1760164_s_at	con186	2
1762105_s_at	con186	0
1760894_s_at	con186	0
1761434_s_at	con186	1
1762880_s_at	con186	0
1760951_s_at	con186	0
1762787_s_at	con186	-1
1763138_s_at	con186	0
1761145_s_at	con186	2
1762983_s_at	con186	0
1762401_s_at	con186	2
1760594_s_at	con186	0
1762388_s_at	con186	-1
1763383_at	con186	0
1762945_s_at	con186	2
1762118_s_at	con186	-1
1759080_s_at	con186	3
1763410_s_at	con186	0
1762819_s_at	con135	0
1761222_s_at	con135	0
1761030_s_at	con135	0
1759540_s_at	con135	0
1763146_s_at	con135	0
1759828_s_at	con135	0
1761884_s_at	con135	0
1761553_s_at	con135	0
1762701_s_at	con135	0
1761189_s_at	con135	0
1759302_s_at	con135	0
1759829_s_at	con135	0
1763491_s_at	con135	0
1762633_s_at	con135	0
1761245_s_at	con135	0
1761277_s_at	con135	0
1763426_s_at	con135	0
1759781_s_at	con135	0
1760088_s_at	con135	0
1759906_s_at	con135	0
1763132_s_at	con135	0
1761160_s_at	con135	0
1761128_at	con135	0
1763490_s_at	con135	0
1761620_s_at	con135	0
1760516_s_at	con135	0
1761944_s_at	con135	0
1763198_s_at	con135	0
1761873_s_at	con135	-1
1759502_s_at	con135	0
1762151_s_at	con135	0
1760453_s_at	con135	0
1760164_s_at	con135	0
1762105_s_at	con135	0
1760894_s_at	con135	0
1761434_s_at	con135	0
1762880_s_at	con135	0
1760951_s_at	con135	0
1762787_s_at	con135	0
1763138_s_at	con135	0
1761145_s_at	con135	0
1762983_s_at	con135	0
1762401_s_at	con135	0
1760594_s_at	con135	0
1762388_s_at	con135	0
1763383_at	con135	0
1762945_s_at	con135	0
1762118_s_at	con135	0
1759080_s_at	con135	0
1763410_s_at	con135	0
1762819_s_at	con131	1
1761222_s_at	con131	0
1761030_s_at	con131	0
1759540_s_at	con131	0
1763146_s_at	con131	0
1759828_s_at	con131	0
1761884_s_at	con131	0
1761553_s_at	con131	0
1762701_s_at	con131	1
1761189_s_at	con131	0
1759302_s_at	con131	0
1759829_s_at	con131	0
1763491_s_at	con131	0
1762633_s_at	con131	0
1761245_s_at	con131	0
1761277_s_at	con131	0
1763426_s_at	con131	0
1759781_s_at	con131	0
1760088_s_at	con131	0
1759906_s_at	con131	0
1763132_s_at	con131	0
1761160_s_at	con131	0
1761128_at	con131	0
1763490_s_at	con131	0
1761620_s_at	con131	0
1760516_s_at	con131	0
1761944_s_at	con131	-1
1763198_s_at	con131	0
1761873_s_at	con131	1
1759502_s_at	con131	1
1762151_s_at	con131	0
1760453_s_at	con131	0
1760164_s_at	con131	0
1762105_s_at	con131	0
1760894_s_at	con131	0
1761434_s_at	con131	0
1762880_s_at	con131	0
1760951_s_at	con131	0
1762787_s_at	con131	0
1763138_s_at	con131	0
1761145_s_at	con131	0
1762983_s_at	con131	0
1762401_s_at	con131	0
1760594_s_at	con131	0
1762388_s_at	con131	0
1763383_at	con131	0
1762945_s_at	con131	0
1762118_s_at	con131	0
1759080_s_at	con131	0
1763410_s_at	con131	0
1762819_s_at	con1031	0
1761222_s_at	con1031	-1
1761030_s_at	con1031	0
1759540_s_at	con1031	0
1763146_s_at	con1031	0
1759828_s_at	con1031	0
1761884_s_at	con1031	0
1761553_s_at	con1031	0
1762701_s_at	con1031	0
1761189_s_at	con1031	0
1759302_s_at	con1031	0
1759829_s_at	con1031	0
1763491_s_at	con1031	0
1762633_s_at	con1031	-1
1761245_s_at	con1031	0
1761277_s_at	con1031	0
1763426_s_at	con1031	0
1759781_s_at	con1031	0
1760088_s_at	con1031	-1
1759906_s_at	con1031	0
1763132_s_at	con1031	1
1761160_s_at	con1031	-1
1761128_at	con1031	0
1763490_s_at	con1031	0
1761620_s_at	con1031	5
1760516_s_at	con1031	1
1761944_s_at	con1031	0
1763198_s_at	con1031	0
1761873_s_at	con1031	6
1759502_s_at	con1031	-1
1762151_s_at	con1031	0
1760453_s_at	con1031	0
1760164_s_at	con1031	0
1762105_s_at	con1031	0
1760894_s_at	con1031	0
1761434_s_at	con1031	1
1762880_s_at	con1031	0
1760951_s_at	con1031	0
1762787_s_at	con1031	1
1763138_s_at	con1031	0
1761145_s_at	con1031	0
1762983_s_at	con1031	0
1762401_s_at	con1031	-2
1760594_s_at	con1031	-1
1762388_s_at	con1031	0
1763383_at	con1031	1
1762945_s_at	con1031	-1
1762118_s_at	con1031	0
1759080_s_at	con1031	-1
1763410_s_at	con1031	0
1762819_s_at	con125	0
1761222_s_at	con125	0
1761030_s_at	con125	0
1759540_s_at	con125	0
1763146_s_at	con125	0
1759828_s_at	con125	0
1761884_s_at	con125	0
1761553_s_at	con125	0
1762701_s_at	con125	0
1761189_s_at	con125	0
1759302_s_at	con125	0
1759829_s_at	con125	0
1763491_s_at	con125	0
1762633_s_at	con125	0
1761245_s_at	con125	0
1761277_s_at	con125	0
1763426_s_at	con125	0
1759781_s_at	con125	0
1760088_s_at	con125	0
1759906_s_at	con125	0
1763132_s_at	con125	0
1761160_s_at	con125	0
1761128_at	con125	0
1763490_s_at	con125	0
1761620_s_at	con125	-1
1760516_s_at	con125	0
1761944_s_at	con125	0
1763198_s_at	con125	0
1761873_s_at	con125	-1
1759502_s_at	con125	0
1762151_s_at	con125	0
1760453_s_at	con125	0
1760164_s_at	con125	0
1762105_s_at	con125	0
1760894_s_at	con125	0
1761434_s_at	con125	0
1762880_s_at	con125	1
1760951_s_at	con125	0
1762787_s_at	con125	0
1763138_s_at	con125	0
1761145_s_at	con125	0
1762983_s_at	con125	0
1762401_s_at	con125	0
1760594_s_at	con125	0
1762388_s_at	con125	0
1763383_at	con125	0
1762945_s_at	con125	0
1762118_s_at	con125	0
1759080_s_at	con125	0
1763410_s_at	con125	0
1762819_s_at	con134	0
1761222_s_at	con134	0
1761030_s_at	con134	0
1759540_s_at	con134	0
1763146_s_at	con134	0
1759828_s_at	con134	0
1761884_s_at	con134	0
1761553_s_at	con134	0
1762701_s_at	con134	0
1761189_s_at	con134	0
1759302_s_at	con134	0
1759829_s_at	con134	0
1763491_s_at	con134	0
1762633_s_at	con134	0
1761245_s_at	con134	0
1761277_s_at	con134	0
1763426_s_at	con134	0
1759781_s_at	con134	0
1760088_s_at	con134	0
1759906_s_at	con134	0
1763132_s_at	con134	0
1761160_s_at	con134	0
1761128_at	con134	0
1763490_s_at	con134	0
1761620_s_at	con134	0
1760516_s_at	con134	0
1761944_s_at	con134	0
1763198_s_at	con134	0
1761873_s_at	con134	-1
1759502_s_at	con134	0
1762151_s_at	con134	0
1760453_s_at	con134	0
1760164_s_at	con134	0
1762105_s_at	con134	0
1760894_s_at	con134	0
1761434_s_at	con134	0
1762880_s_at	con134	0
1760951_s_at	con134	0
1762787_s_at	con134	0
1763138_s_at	con134	0
1761145_s_at	con134	0
1762983_s_at	con134	0
1762401_s_at	con134	0
1760594_s_at	con134	0
1762388_s_at	con134	0
1763383_at	con134	0
1762945_s_at	con134	0
1762118_s_at	con134	0
1759080_s_at	con134	0
1763410_s_at	con134	-1
1762819_s_at	con132	0
1761222_s_at	con132	0
1761030_s_at	con132	0
1759540_s_at	con132	0
1763146_s_at	con132	0
1759828_s_at	con132	0
1761884_s_at	con132	0
1761553_s_at	con132	0
1762701_s_at	con132	0
1761189_s_at	con132	0
1759302_s_at	con132	0
1759829_s_at	con132	0
1763491_s_at	con132	1
1762633_s_at	con132	0
1761245_s_at	con132	0
1761277_s_at	con132	0
1763426_s_at	con132	0
1759781_s_at	con132	0
1760088_s_at	con132	0
1759906_s_at	con132	0
1763132_s_at	con132	0
1761160_s_at	con132	0
1761128_at	con132	0
1763490_s_at	con132	1
1761620_s_at	con132	0
1760516_s_at	con132	0
1761944_s_at	con132	0
1763198_s_at	con132	1
1761873_s_at	con132	0
1759502_s_at	con132	1
1762151_s_at	con132	0
1760453_s_at	con132	0
1760164_s_at	con132	0
1762105_s_at	con132	0
1760894_s_at	con132	0
1761434_s_at	con132	0
1762880_s_at	con132	-1
1760951_s_at	con132	0
1762787_s_at	con132	0
1763138_s_at	con132	0
1761145_s_at	con132	0
1762983_s_at	con132	0
1762401_s_at	con132	0
1760594_s_at	con132	0
1762388_s_at	con132	0
1763383_at	con132	0
1762945_s_at	con132	0
1762118_s_at	con132	0
1759080_s_at	con132	0
1763410_s_at	con132	0
1762819_s_at	con112	0
1761222_s_at	con112	0
1761030_s_at	con112	0
1759540_s_at	con112	0
1763146_s_at	con112	0
1759828_s_at	con112	0
1761884_s_at	con112	0
1761553_s_at	con112	0
1762701_s_at	con112	0
1761189_s_at	con112	0
1759302_s_at	con112	0
1759829_s_at	con112	0
1763491_s_at	con112	0
1762633_s_at	con112	0
1761245_s_at	con112	0
1761277_s_at	con112	0
1763426_s_at	con112	0
1759781_s_at	con112	0
1760088_s_at	con112	0
1759906_s_at	con112	0
1763132_s_at	con112	0
1761160_s_at	con112	0
1761128_at	con112	0
1763490_s_at	con112	0
1761620_s_at	con112	-2
1760516_s_at	con112	0
1761944_s_at	con112	0
1763198_s_at	con112	0
1761873_s_at	con112	-2
1759502_s_at	con112	0
1762151_s_at	con112	0
1760453_s_at	con112	0
1760164_s_at	con112	0
1762105_s_at	con112	0
1760894_s_at	con112	0
1761434_s_at	con112	0
1762880_s_at	con112	0
1760951_s_at	con112	0
1762787_s_at	con112	0
1763138_s_at	con112	0
1761145_s_at	con112	0
1762983_s_at	con112	0
1762401_s_at	con112	0
1760594_s_at	con112	0
1762388_s_at	con112	0
1763383_at	con112	0
1762945_s_at	con112	0
1762118_s_at	con112	0
1759080_s_at	con112	0
1763410_s_at	con112	0
1762819_s_at	con153	-2
1761222_s_at	con153	1
1761030_s_at	con153	0
1759540_s_at	con153	0
1763146_s_at	con153	-1
1759828_s_at	con153	0
1761884_s_at	con153	0
1761553_s_at	con153	0
1762701_s_at	con153	1
1761189_s_at	con153	-1
1759302_s_at	con153	1
1759829_s_at	con153	0
1763491_s_at	con153	0
1762633_s_at	con153	0
1761245_s_at	con153	-1
1761277_s_at	con153	0
1763426_s_at	con153	0
1759781_s_at	con153	-1
1760088_s_at	con153	0
1759906_s_at	con153	0
1763132_s_at	con153	-2
1761160_s_at	con153	0
1761128_at	con153	0
1763490_s_at	con153	1
1761620_s_at	con153	0
1760516_s_at	con153	0
1761944_s_at	con153	0
1763198_s_at	con153	0
1761873_s_at	con153	0
1759502_s_at	con153	1
1762151_s_at	con153	0
1760453_s_at	con153	0
1760164_s_at	con153	0
1762105_s_at	con153	1
1760894_s_at	con153	0
1761434_s_at	con153	0
1762880_s_at	con153	-1
1760951_s_at	con153	0
1762787_s_at	con153	0
1763138_s_at	con153	-1
1761145_s_at	con153	1
1762983_s_at	con153	-1
1762401_s_at	con153	2
1760594_s_at	con153	0
1762388_s_at	con153	1
1763383_at	con153	-1
1762945_s_at	con153	-1
1762118_s_at	con153	0
1759080_s_at	con153	0
1763410_s_at	con153	-1
1762819_s_at	con16	-2
1761222_s_at	con16	1
1761030_s_at	con16	0
1759540_s_at	con16	1
1763146_s_at	con16	-1
1759828_s_at	con16	0
1761884_s_at	con16	0
1761553_s_at	con16	0
1762701_s_at	con16	1
1761189_s_at	con16	-1
1759302_s_at	con16	1
1759829_s_at	con16	0
1763491_s_at	con16	1
1762633_s_at	con16	0
1761245_s_at	con16	-1
1761277_s_at	con16	0
1763426_s_at	con16	0
1759781_s_at	con16	0
1760088_s_at	con16	0
1759906_s_at	con16	0
1763132_s_at	con16	-2
1761160_s_at	con16	0
1761128_at	con16	0
1763490_s_at	con16	1
1761620_s_at	con16	0
1760516_s_at	con16	0
1761944_s_at	con16	0
1763198_s_at	con16	0
1761873_s_at	con16	0
1759502_s_at	con16	0
1762151_s_at	con16	1
1760453_s_at	con16	0
1760164_s_at	con16	0
1762105_s_at	con16	2
1760894_s_at	con16	0
1761434_s_at	con16	0
1762880_s_at	con16	-1
1760951_s_at	con16	0
1762787_s_at	con16	1
1763138_s_at	con16	-1
1761145_s_at	con16	0
1762983_s_at	con16	-1
1762401_s_at	con16	2
1760594_s_at	con16	0
1762388_s_at	con16	1
1763383_at	con16	-1
1762945_s_at	con16	-1
1762118_s_at	con16	-1
1759080_s_at	con16	0
1763410_s_at	con16	-1
1762819_s_at	con193	-2
1761222_s_at	con193	0
1761030_s_at	con193	0
1759540_s_at	con193	2
1763146_s_at	con193	-1
1759828_s_at	con193	4
1761884_s_at	con193	0
1761553_s_at	con193	-2
1762701_s_at	con193	3
1761189_s_at	con193	-1
1759302_s_at	con193	-1
1759829_s_at	con193	4
1763491_s_at	con193	4
1762633_s_at	con193	0
1761245_s_at	con193	-1
1761277_s_at	con193	-1
1763426_s_at	con193	0
1759781_s_at	con193	2
1760088_s_at	con193	0
1759906_s_at	con193	0
1763132_s_at	con193	-1
1761160_s_at	con193	0
1761128_at	con193	0
1763490_s_at	con193	3
1761620_s_at	con193	-1
1760516_s_at	con193	0
1761944_s_at	con193	1
1763198_s_at	con193	0
1761873_s_at	con193	-1
1759502_s_at	con193	0
1762151_s_at	con193	1
1760453_s_at	con193	1
1760164_s_at	con193	0
1762105_s_at	con193	3
1760894_s_at	con193	-1
1761434_s_at	con193	0
1762880_s_at	con193	-2
1760951_s_at	con193	0
1762787_s_at	con193	3
1763138_s_at	con193	-1
1761145_s_at	con193	-1
1762983_s_at	con193	-2
1762401_s_at	con193	1
1760594_s_at	con193	-1
1762388_s_at	con193	1
1763383_at	con193	0
1762945_s_at	con193	0
1762118_s_at	con193	0
1759080_s_at	con193	-2
1763410_s_at	con193	-1
1762819_s_at	con194	0
1761222_s_at	con194	-1
1761030_s_at	con194	0
1759540_s_at	con194	4
1763146_s_at	con194	-2
1759828_s_at	con194	3
1761884_s_at	con194	0
1761553_s_at	con194	-3
1762701_s_at	con194	4
1761189_s_at	con194	0
1759302_s_at	con194	0
1759829_s_at	con194	1
1763491_s_at	con194	2
1762633_s_at	con194	2
1761245_s_at	con194	-2
1761277_s_at	con194	-1
1763426_s_at	con194	4
1759781_s_at	con194	4
1760088_s_at	con194	1
1759906_s_at	con194	1
1763132_s_at	con194	-2
1761160_s_at	con194	0
1761128_at	con194	-1
1763490_s_at	con194	2
1761620_s_at	con194	-2
1760516_s_at	con194	-1
1761944_s_at	con194	-1
1763198_s_at	con194	0
1761873_s_at	con194	0
1759502_s_at	con194	3
1762151_s_at	con194	2
1760453_s_at	con194	2
1760164_s_at	con194	1
1762105_s_at	con194	1
1760894_s_at	con194	0
1761434_s_at	con194	-1
1762880_s_at	con194	-1
1760951_s_at	con194	0
1762787_s_at	con194	3
1763138_s_at	con194	-3
1761145_s_at	con194	-2
1762983_s_at	con194	-3
1762401_s_at	con194	0
1760594_s_at	con194	0
1762388_s_at	con194	0
1763383_at	con194	5
1762945_s_at	con194	1
1762118_s_at	con194	2
1759080_s_at	con194	0
1763410_s_at	con194	2
1762819_s_at	con189	-1
1761222_s_at	con189	-1
1761030_s_at	con189	0
1759540_s_at	con189	0
1763146_s_at	con189	0
1759828_s_at	con189	-1
1761884_s_at	con189	0
1761553_s_at	con189	-2
1762701_s_at	con189	2
1761189_s_at	con189	-1
1759302_s_at	con189	0
1759829_s_at	con189	-1
1763491_s_at	con189	5
1762633_s_at	con189	0
1761245_s_at	con189	-2
1761277_s_at	con189	-1
1763426_s_at	con189	-1
1759781_s_at	con189	-1
1760088_s_at	con189	0
1759906_s_at	con189	-1
1763132_s_at	con189	0
1761160_s_at	con189	0
1761128_at	con189	0
1763490_s_at	con189	4
1761620_s_at	con189	-2
1760516_s_at	con189	-1
1761944_s_at	con189	1
1763198_s_at	con189	0
1761873_s_at	con189	-1
1759502_s_at	con189	0
1762151_s_at	con189	1
1760453_s_at	con189	-1
1760164_s_at	con189	-1
1762105_s_at	con189	3
1760894_s_at	con189	-1
1761434_s_at	con189	-1
1762880_s_at	con189	-1
1760951_s_at	con189	0
1762787_s_at	con189	3
1763138_s_at	con189	0
1761145_s_at	con189	-1
1762983_s_at	con189	-1
1762401_s_at	con189	1
1760594_s_at	con189	-1
1762388_s_at	con189	2
1763383_at	con189	-1
1762945_s_at	con189	-2
1762118_s_at	con189	1
1759080_s_at	con189	0
1763410_s_at	con189	0
1762819_s_at	con187	-1
1761222_s_at	con187	0
1761030_s_at	con187	1
1759540_s_at	con187	0
1763146_s_at	con187	-1
1759828_s_at	con187	-1
1761884_s_at	con187	-2
1761553_s_at	con187	-1
1762701_s_at	con187	0
1761189_s_at	con187	-1
1759302_s_at	con187	0
1759829_s_at	con187	-2
1763491_s_at	con187	4
1762633_s_at	con187	1
1761245_s_at	con187	-1
1761277_s_at	con187	-1
1763426_s_at	con187	0
1759781_s_at	con187	1
1760088_s_at	con187	0
1759906_s_at	con187	-1
1763132_s_at	con187	-1
1761160_s_at	con187	0
1761128_at	con187	1
1763490_s_at	con187	2
1761620_s_at	con187	-2
1760516_s_at	con187	1
1761944_s_at	con187	-1
1763198_s_at	con187	0
1761873_s_at	con187	-2
1759502_s_at	con187	0
1762151_s_at	con187	1
1760453_s_at	con187	-1
1760164_s_at	con187	-1
1762105_s_at	con187	-1
1760894_s_at	con187	0
1761434_s_at	con187	-2
1762880_s_at	con187	0
1760951_s_at	con187	1
1762787_s_at	con187	1
1763138_s_at	con187	-1
1761145_s_at	con187	-1
1762983_s_at	con187	0
1762401_s_at	con187	0
1760594_s_at	con187	-1
1762388_s_at	con187	-1
1763383_at	con187	0
1762945_s_at	con187	-2
1762118_s_at	con187	2
1759080_s_at	con187	0
1763410_s_at	con187	0
1762819_s_at	con188	-1
1761222_s_at	con188	-1
1761030_s_at	con188	1
1759540_s_at	con188	0
1763146_s_at	con188	0
1759828_s_at	con188	-1
1761884_s_at	con188	0
1761553_s_at	con188	-2
1762701_s_at	con188	0
1761189_s_at	con188	-1
1759302_s_at	con188	0
1759829_s_at	con188	-2
1763491_s_at	con188	5
1762633_s_at	con188	1
1761245_s_at	con188	-1
1761277_s_at	con188	-2
1763426_s_at	con188	0
1759781_s_at	con188	1
1760088_s_at	con188	0
1759906_s_at	con188	0
1763132_s_at	con188	-1
1761160_s_at	con188	0
1761128_at	con188	0
1763490_s_at	con188	4
1761620_s_at	con188	-2
1760516_s_at	con188	1
1761944_s_at	con188	-1
1763198_s_at	con188	0
1761873_s_at	con188	-2
1759502_s_at	con188	0
1762151_s_at	con188	1
1760453_s_at	con188	0
1760164_s_at	con188	-1
1762105_s_at	con188	0
1760894_s_at	con188	0
1761434_s_at	con188	-2
1762880_s_at	con188	-1
1760951_s_at	con188	1
1762787_s_at	con188	1
1763138_s_at	con188	0
1761145_s_at	con188	-1
1762983_s_at	con188	-1
1762401_s_at	con188	0
1760594_s_at	con188	-1
1762388_s_at	con188	0
1763383_at	con188	0
1762945_s_at	con188	-1
1762118_s_at	con188	2
1759080_s_at	con188	0
1763410_s_at	con188	0
1762819_s_at	con201	3
1761222_s_at	con201	1
1761030_s_at	con201	-1
1759540_s_at	con201	-3
1763146_s_at	con201	7
1759828_s_at	con201	-1
1761884_s_at	con201	-1
1761553_s_at	con201	-2
1762701_s_at	con201	-1
1761189_s_at	con201	0
1759302_s_at	con201	-1
1759829_s_at	con201	2
1763491_s_at	con201	4
1762633_s_at	con201	-1
1761245_s_at	con201	2
1761277_s_at	con201	-1
1763426_s_at	con201	3
1759781_s_at	con201	-4
1760088_s_at	con201	-2
1759906_s_at	con201	-2
1763132_s_at	con201	5
1761160_s_at	con201	-1
1761128_at	con201	0
1763490_s_at	con201	4
1761620_s_at	con201	-1
1760516_s_at	con201	-1
1761944_s_at	con201	-1
1763198_s_at	con201	6
1761873_s_at	con201	-2
1759502_s_at	con201	-4
1762151_s_at	con201	0
1760453_s_at	con201	0
1760164_s_at	con201	-1
1762105_s_at	con201	0
1760894_s_at	con201	0
1761434_s_at	con201	-1
1762880_s_at	con201	3
1760951_s_at	con201	-1
1762787_s_at	con201	0
1763138_s_at	con201	7
1761145_s_at	con201	0
1762983_s_at	con201	5
1762401_s_at	con201	0
1760594_s_at	con201	-2
1762388_s_at	con201	2
1763383_at	con201	0
1762945_s_at	con201	3
1762118_s_at	con201	-2
1759080_s_at	con201	-2
1763410_s_at	con201	4
1762819_s_at	con200	-1
1761222_s_at	con200	-2
1761030_s_at	con200	0
1759540_s_at	con200	-8
1763146_s_at	con200	-1
1759828_s_at	con200	-1
1761884_s_at	con200	0
1761553_s_at	con200	0
1762701_s_at	con200	1
1761189_s_at	con200	-1
1759302_s_at	con200	-4
1759829_s_at	con200	-1
1763491_s_at	con200	-1
1762633_s_at	con200	0
1761245_s_at	con200	2
1761277_s_at	con200	0
1763426_s_at	con200	0
1759781_s_at	con200	-5
1760088_s_at	con200	-3
1759906_s_at	con200	-2
1763132_s_at	con200	-1
1761160_s_at	con200	-3
1761128_at	con200	0
1763490_s_at	con200	0
1761620_s_at	con200	1
1760516_s_at	con200	0
1761944_s_at	con200	0
1763198_s_at	con200	-1
1761873_s_at	con200	1
1759502_s_at	con200	-5
1762151_s_at	con200	1
1760453_s_at	con200	-1
1760164_s_at	con200	-2
1762105_s_at	con200	0
1760894_s_at	con200	0
1761434_s_at	con200	0
1762880_s_at	con200	0
1760951_s_at	con200	0
1762787_s_at	con200	1
1763138_s_at	con200	0
1761145_s_at	con200	-2
1762983_s_at	con200	0
1762401_s_at	con200	1
1760594_s_at	con200	0
1762388_s_at	con200	0
1763383_at	con200	-1
1762945_s_at	con200	0
1762118_s_at	con200	0
1759080_s_at	con200	-4
1763410_s_at	con200	-1
1762819_s_at	con21	5
1761222_s_at	con21	0
1761030_s_at	con21	-2
1759540_s_at	con21	-1
1763146_s_at	con21	7
1759828_s_at	con21	-2
1761884_s_at	con21	-2
1761553_s_at	con21	-3
1762701_s_at	con21	0
1761189_s_at	con21	0
1759302_s_at	con21	1
1759829_s_at	con21	-1
1763491_s_at	con21	3
1762633_s_at	con21	1
1761245_s_at	con21	1
1761277_s_at	con21	-1
1763426_s_at	con21	7
1759781_s_at	con21	-2
1760088_s_at	con21	0
1759906_s_at	con21	0
1763132_s_at	con21	5
1761160_s_at	con21	0
1761128_at	con21	-1
1763490_s_at	con21	3
1761620_s_at	con21	-2
1760516_s_at	con21	-2
1761944_s_at	con21	-3
1763198_s_at	con21	6
1761873_s_at	con21	-1
1759502_s_at	con21	0
1762151_s_at	con21	1
1760453_s_at	con21	1
1760164_s_at	con21	0
1762105_s_at	con21	-2
1760894_s_at	con21	0
1761434_s_at	con21	-2
1762880_s_at	con21	4
1760951_s_at	con21	-1
1762787_s_at	con21	0
1763138_s_at	con21	5
1761145_s_at	con21	-1
1762983_s_at	con21	4
1762401_s_at	con21	-1
1760594_s_at	con21	-1
1762388_s_at	con21	0
1763383_at	con21	4
1762945_s_at	con21	4
1762118_s_at	con21	0
1759080_s_at	con21	-1
1763410_s_at	con21	6
1762819_s_at	con2	0
1761222_s_at	con2	-3
1761030_s_at	con2	0
1759540_s_at	con2	-10
1763146_s_at	con2	0
1759828_s_at	con2	-6
1761884_s_at	con2	0
1761553_s_at	con2	0
1762701_s_at	con2	0
1761189_s_at	con2	-1
1759302_s_at	con2	-3
1759829_s_at	con2	-7
1763491_s_at	con2	0
1762633_s_at	con2	0
1761245_s_at	con2	1
1761277_s_at	con2	1
1763426_s_at	con2	0
1759781_s_at	con2	-7
1760088_s_at	con2	-3
1759906_s_at	con2	-3
1763132_s_at	con2	0
1761160_s_at	con2	-3
1761128_at	con2	0
1763490_s_at	con2	1
1761620_s_at	con2	1
1760516_s_at	con2	0
1761944_s_at	con2	0
1763198_s_at	con2	0
1761873_s_at	con2	0
1759502_s_at	con2	-5
1762151_s_at	con2	1
1760453_s_at	con2	-3
1760164_s_at	con2	-3
1762105_s_at	con2	0
1760894_s_at	con2	0
1761434_s_at	con2	0
1762880_s_at	con2	0
1760951_s_at	con2	0
1762787_s_at	con2	0
1763138_s_at	con2	1
1761145_s_at	con2	-2
1762983_s_at	con2	0
1762401_s_at	con2	1
1760594_s_at	con2	0
1762388_s_at	con2	1
1763383_at	con2	-2
1762945_s_at	con2	-1
1762118_s_at	con2	1
1759080_s_at	con2	-2
1763410_s_at	con2	0
1762819_s_at	con110	0
1761222_s_at	con110	0
1761030_s_at	con110	0
1759540_s_at	con110	0
1763146_s_at	con110	0
1759828_s_at	con110	0
1761884_s_at	con110	-1
1761553_s_at	con110	0
1762701_s_at	con110	0
1761189_s_at	con110	0
1759302_s_at	con110	0
1759829_s_at	con110	0
1763491_s_at	con110	0
1762633_s_at	con110	0
1761245_s_at	con110	2
1761277_s_at	con110	1
1763426_s_at	con110	0
1759781_s_at	con110	0
1760088_s_at	con110	0
1759906_s_at	con110	0
1763132_s_at	con110	0
1761160_s_at	con110	0
1761128_at	con110	0
1763490_s_at	con110	0
1761620_s_at	con110	0
1760516_s_at	con110	0
1761944_s_at	con110	0
1763198_s_at	con110	0
1761873_s_at	con110	0
1759502_s_at	con110	-1
1762151_s_at	con110	0
1760453_s_at	con110	0
1760164_s_at	con110	0
1762105_s_at	con110	0
1760894_s_at	con110	0
1761434_s_at	con110	0
1762880_s_at	con110	0
1760951_s_at	con110	1
1762787_s_at	con110	0
1763138_s_at	con110	0
1761145_s_at	con110	0
1762983_s_at	con110	0
1762401_s_at	con110	0
1760594_s_at	con110	0
1762388_s_at	con110	0
1763383_at	con110	0
1762945_s_at	con110	0
1762118_s_at	con110	0
1759080_s_at	con110	-1
1763410_s_at	con110	0
1762819_s_at	con111	0
1761222_s_at	con111	0
1761030_s_at	con111	0
1759540_s_at	con111	0
1763146_s_at	con111	0
1759828_s_at	con111	0
1761884_s_at	con111	-1
1761553_s_at	con111	0
1762701_s_at	con111	0
1761189_s_at	con111	0
1759302_s_at	con111	0
1759829_s_at	con111	0
1763491_s_at	con111	0
1762633_s_at	con111	0
1761245_s_at	con111	2
1761277_s_at	con111	0
1763426_s_at	con111	0
1759781_s_at	con111	0
1760088_s_at	con111	0
1759906_s_at	con111	0
1763132_s_at	con111	0
1761160_s_at	con111	0
1761128_at	con111	0
1763490_s_at	con111	0
1761620_s_at	con111	0
1760516_s_at	con111	0
1761944_s_at	con111	1
1763198_s_at	con111	0
1761873_s_at	con111	0
1759502_s_at	con111	0
1762151_s_at	con111	0
1760453_s_at	con111	0
1760164_s_at	con111	0
1762105_s_at	con111	1
1760894_s_at	con111	0
1761434_s_at	con111	0
1762880_s_at	con111	0
1760951_s_at	con111	0
1762787_s_at	con111	0
1763138_s_at	con111	0
1761145_s_at	con111	0
1762983_s_at	con111	1
1762401_s_at	con111	0
1760594_s_at	con111	0
1762388_s_at	con111	-1
1763383_at	con111	0
1762945_s_at	con111	0
1762118_s_at	con111	0
1759080_s_at	con111	0
1763410_s_at	con111	0
1762819_s_at	con14	0
1761222_s_at	con14	0
1761030_s_at	con14	0
1759540_s_at	con14	0
1763146_s_at	con14	0
1759828_s_at	con14	0
1761884_s_at	con14	0
1761553_s_at	con14	0
1762701_s_at	con14	0
1761189_s_at	con14	0
1759302_s_at	con14	0
1759829_s_at	con14	0
1763491_s_at	con14	0
1762633_s_at	con14	0
1761245_s_at	con14	0
1761277_s_at	con14	0
1763426_s_at	con14	1
1759781_s_at	con14	0
1760088_s_at	con14	0
1759906_s_at	con14	0
1763132_s_at	con14	0
1761160_s_at	con14	0
1761128_at	con14	0
1763490_s_at	con14	0
1761620_s_at	con14	0
1760516_s_at	con14	0
1761944_s_at	con14	0
1763198_s_at	con14	0
1761873_s_at	con14	0
1759502_s_at	con14	1
1762151_s_at	con14	0
1760453_s_at	con14	0
1760164_s_at	con14	0
1762105_s_at	con14	0
1760894_s_at	con14	-1
1761434_s_at	con14	0
1762880_s_at	con14	0
1760951_s_at	con14	0
1762787_s_at	con14	0
1763138_s_at	con14	0
1761145_s_at	con14	0
1762983_s_at	con14	0
1762401_s_at	con14	0
1760594_s_at	con14	0
1762388_s_at	con14	0
1763383_at	con14	0
1762945_s_at	con14	1
1762118_s_at	con14	0
1759080_s_at	con14	0
1763410_s_at	con14	0
1762819_s_at	con137	0
1761222_s_at	con137	0
1761030_s_at	con137	0
1759540_s_at	con137	0
1763146_s_at	con137	0
1759828_s_at	con137	0
1761884_s_at	con137	0
1761553_s_at	con137	0
1762701_s_at	con137	0
1761189_s_at	con137	0
1759302_s_at	con137	0
1759829_s_at	con137	0
1763491_s_at	con137	0
1762633_s_at	con137	0
1761245_s_at	con137	0
1761277_s_at	con137	0
1763426_s_at	con137	0
1759781_s_at	con137	0
1760088_s_at	con137	0
1759906_s_at	con137	0
1763132_s_at	con137	0
1761160_s_at	con137	0
1761128_at	con137	0
1763490_s_at	con137	0
1761620_s_at	con137	0
1760516_s_at	con137	0
1761944_s_at	con137	0
1763198_s_at	con137	0
1761873_s_at	con137	0
1759502_s_at	con137	0
1762151_s_at	con137	0
1760453_s_at	con137	0
1760164_s_at	con137	0
1762105_s_at	con137	0
1760894_s_at	con137	0
1761434_s_at	con137	0
1762880_s_at	con137	0
1760951_s_at	con137	0
1762787_s_at	con137	0
1763138_s_at	con137	0
1761145_s_at	con137	0
1762983_s_at	con137	0
1762401_s_at	con137	0
1760594_s_at	con137	0
1762388_s_at	con137	0
1763383_at	con137	0
1762945_s_at	con137	0
1762118_s_at	con137	0
1759080_s_at	con137	0
1763410_s_at	con137	0
1762819_s_at	con1029	0
1761222_s_at	con1029	0
1761030_s_at	con1029	0
1759540_s_at	con1029	0
1763146_s_at	con1029	0
1759828_s_at	con1029	0
1761884_s_at	con1029	0
1761553_s_at	con1029	0
1762701_s_at	con1029	0
1761189_s_at	con1029	0
1759302_s_at	con1029	-2
1759829_s_at	con1029	0
1763491_s_at	con1029	0
1762633_s_at	con1029	0
1761245_s_at	con1029	0
1761277_s_at	con1029	0
1763426_s_at	con1029	0
1759781_s_at	con1029	0
1760088_s_at	con1029	-1
1759906_s_at	con1029	-2
1763132_s_at	con1029	0
1761160_s_at	con1029	-1
1761128_at	con1029	0
1763490_s_at	con1029	0
1761620_s_at	con1029	0
1760516_s_at	con1029	0
1761944_s_at	con1029	0
1763198_s_at	con1029	0
1761873_s_at	con1029	0
1759502_s_at	con1029	-4
1762151_s_at	con1029	0
1760453_s_at	con1029	0
1760164_s_at	con1029	0
1762105_s_at	con1029	0
1760894_s_at	con1029	0
1761434_s_at	con1029	0
1762880_s_at	con1029	0
1760951_s_at	con1029	0
1762787_s_at	con1029	0
1763138_s_at	con1029	0
1761145_s_at	con1029	-1
1762983_s_at	con1029	0
1762401_s_at	con1029	0
1760594_s_at	con1029	0
1762388_s_at	con1029	0
1763383_at	con1029	0
1762945_s_at	con1029	0
1762118_s_at	con1029	0
1759080_s_at	con1029	-3
1763410_s_at	con1029	0
1762819_s_at	con1030	0
1761222_s_at	con1030	0
1761030_s_at	con1030	0
1759540_s_at	con1030	0
1763146_s_at	con1030	0
1759828_s_at	con1030	-1
1761884_s_at	con1030	0
1761553_s_at	con1030	-1
1762701_s_at	con1030	0
1761189_s_at	con1030	0
1759302_s_at	con1030	-3
1759829_s_at	con1030	0
1763491_s_at	con1030	0
1762633_s_at	con1030	0
1761245_s_at	con1030	0
1761277_s_at	con1030	0
1763426_s_at	con1030	0
1759781_s_at	con1030	0
1760088_s_at	con1030	-1
1759906_s_at	con1030	-1
1763132_s_at	con1030	0
1761160_s_at	con1030	-1
1761128_at	con1030	0
1763490_s_at	con1030	1
1761620_s_at	con1030	0
1760516_s_at	con1030	-1
1761944_s_at	con1030	0
1763198_s_at	con1030	0
1761873_s_at	con1030	1
1759502_s_at	con1030	-3
1762151_s_at	con1030	-1
1760453_s_at	con1030	0
1760164_s_at	con1030	0
1762105_s_at	con1030	1
1760894_s_at	con1030	0
1761434_s_at	con1030	3
1762880_s_at	con1030	1
1760951_s_at	con1030	0
1762787_s_at	con1030	1
1763138_s_at	con1030	0
1761145_s_at	con1030	-1
1762983_s_at	con1030	1
1762401_s_at	con1030	1
1760594_s_at	con1030	0
1762388_s_at	con1030	1
1763383_at	con1030	0
1762945_s_at	con1030	0
1762118_s_at	con1030	-1
1759080_s_at	con1030	-3
1763410_s_at	con1030	0
1762819_s_at	con1036	0
1761222_s_at	con1036	0
1761030_s_at	con1036	0
1759540_s_at	con1036	0
1763146_s_at	con1036	0
1759828_s_at	con1036	0
1761884_s_at	con1036	0
1761553_s_at	con1036	0
1762701_s_at	con1036	0
1761189_s_at	con1036	0
1759302_s_at	con1036	-1
1759829_s_at	con1036	0
1763491_s_at	con1036	0
1762633_s_at	con1036	1
1761245_s_at	con1036	0
1761277_s_at	con1036	0
1763426_s_at	con1036	0
1759781_s_at	con1036	0
1760088_s_at	con1036	0
1759906_s_at	con1036	-1
1763132_s_at	con1036	0
1761160_s_at	con1036	0
1761128_at	con1036	0
1763490_s_at	con1036	0
1761620_s_at	con1036	0
1760516_s_at	con1036	0
1761944_s_at	con1036	0
1763198_s_at	con1036	0
1761873_s_at	con1036	0
1759502_s_at	con1036	-1
1762151_s_at	con1036	0
1760453_s_at	con1036	0
1760164_s_at	con1036	0
1762105_s_at	con1036	0
1760894_s_at	con1036	0
1761434_s_at	con1036	0
1762880_s_at	con1036	0
1760951_s_at	con1036	0
1762787_s_at	con1036	0
1763138_s_at	con1036	0
1761145_s_at	con1036	0
1762983_s_at	con1036	0
1762401_s_at	con1036	0
1760594_s_at	con1036	0
1762388_s_at	con1036	0
1763383_at	con1036	0
1762945_s_at	con1036	0
1762118_s_at	con1036	0
1759080_s_at	con1036	-1
1763410_s_at	con1036	0
1762819_s_at	con133	0
1761222_s_at	con133	0
1761030_s_at	con133	0
1759540_s_at	con133	0
1763146_s_at	con133	0
1759828_s_at	con133	0
1761884_s_at	con133	-1
1761553_s_at	con133	0
1762701_s_at	con133	0
1761189_s_at	con133	0
1759302_s_at	con133	0
1759829_s_at	con133	0
1763491_s_at	con133	0
1762633_s_at	con133	1
1761245_s_at	con133	0
1761277_s_at	con133	0
1763426_s_at	con133	0
1759781_s_at	con133	0
1760088_s_at	con133	0
1759906_s_at	con133	0
1763132_s_at	con133	0
1761160_s_at	con133	0
1761128_at	con133	0
1763490_s_at	con133	0
1761620_s_at	con133	0
1760516_s_at	con133	0
1761944_s_at	con133	0
1763198_s_at	con133	0
1761873_s_at	con133	0
1759502_s_at	con133	0
1762151_s_at	con133	0
1760453_s_at	con133	0
1760164_s_at	con133	0
1762105_s_at	con133	0
1760894_s_at	con133	0
1761434_s_at	con133	0
1762880_s_at	con133	0
1760951_s_at	con133	0
1762787_s_at	con133	0
1763138_s_at	con133	0
1761145_s_at	con133	0
1762983_s_at	con133	0
1762401_s_at	con133	0
1760594_s_at	con133	0
1762388_s_at	con133	-1
1763383_at	con133	0
1762945_s_at	con133	0
1762118_s_at	con133	0
1759080_s_at	con133	0
1763410_s_at	con133	0
1762819_s_at	con129	0
1761222_s_at	con129	0
1761030_s_at	con129	0
1759540_s_at	con129	0
1763146_s_at	con129	1
1759828_s_at	con129	0
1761884_s_at	con129	0
1761553_s_at	con129	0
1762701_s_at	con129	1
1761189_s_at	con129	0
1759302_s_at	con129	0
1759829_s_at	con129	0
1763491_s_at	con129	0
1762633_s_at	con129	0
1761245_s_at	con129	0
1761277_s_at	con129	0
1763426_s_at	con129	0
1759781_s_at	con129	1
1760088_s_at	con129	0
1759906_s_at	con129	0
1763132_s_at	con129	0
1761160_s_at	con129	0
1761128_at	con129	-1
1763490_s_at	con129	0
1761620_s_at	con129	0
1760516_s_at	con129	0
1761944_s_at	con129	0
1763198_s_at	con129	0
1761873_s_at	con129	1
1759502_s_at	con129	0
1762151_s_at	con129	0
1760453_s_at	con129	0
1760164_s_at	con129	0
1762105_s_at	con129	0
1760894_s_at	con129	0
1761434_s_at	con129	1
1762880_s_at	con129	0
1760951_s_at	con129	0
1762787_s_at	con129	0
1763138_s_at	con129	-1
1761145_s_at	con129	0
1762983_s_at	con129	0
1762401_s_at	con129	0
1760594_s_at	con129	0
1762388_s_at	con129	1
1763383_at	con129	0
1762945_s_at	con129	0
1762118_s_at	con129	0
1759080_s_at	con129	-1
1763410_s_at	con129	0
1762819_s_at	con1039	0
1761222_s_at	con1039	0
1761030_s_at	con1039	0
1759540_s_at	con1039	0
1763146_s_at	con1039	0
1759828_s_at	con1039	0
1761884_s_at	con1039	-1
1761553_s_at	con1039	1
1762701_s_at	con1039	0
1761189_s_at	con1039	0
1759302_s_at	con1039	0
1759829_s_at	con1039	0
1763491_s_at	con1039	0
1762633_s_at	con1039	0
1761245_s_at	con1039	0
1761277_s_at	con1039	0
1763426_s_at	con1039	0
1759781_s_at	con1039	0
1760088_s_at	con1039	0
1759906_s_at	con1039	0
1763132_s_at	con1039	0
1761160_s_at	con1039	0
1761128_at	con1039	0
1763490_s_at	con1039	0
1761620_s_at	con1039	0
1760516_s_at	con1039	-2
1761944_s_at	con1039	0
1763198_s_at	con1039	0
1761873_s_at	con1039	0
1759502_s_at	con1039	0
1762151_s_at	con1039	0
1760453_s_at	con1039	0
1760164_s_at	con1039	0
1762105_s_at	con1039	0
1760894_s_at	con1039	0
1761434_s_at	con1039	0
1762880_s_at	con1039	0
1760951_s_at	con1039	0
1762787_s_at	con1039	0
1763138_s_at	con1039	0
1761145_s_at	con1039	0
1762983_s_at	con1039	0
1762401_s_at	con1039	0
1760594_s_at	con1039	0
1762388_s_at	con1039	-1
1763383_at	con1039	0
1762945_s_at	con1039	0
1762118_s_at	con1039	0
1759080_s_at	con1039	0
1763410_s_at	con1039	0
1762819_s_at	con1040	0
1761222_s_at	con1040	0
1761030_s_at	con1040	0
1759540_s_at	con1040	0
1763146_s_at	con1040	0
1759828_s_at	con1040	0
1761884_s_at	con1040	-1
1761553_s_at	con1040	2
1762701_s_at	con1040	0
1761189_s_at	con1040	0
1759302_s_at	con1040	0
1759829_s_at	con1040	0
1763491_s_at	con1040	0
1762633_s_at	con1040	0
1761245_s_at	con1040	0
1761277_s_at	con1040	1
1763426_s_at	con1040	0
1759781_s_at	con1040	0
1760088_s_at	con1040	0
1759906_s_at	con1040	0
1763132_s_at	con1040	0
1761160_s_at	con1040	0
1761128_at	con1040	0
1763490_s_at	con1040	0
1761620_s_at	con1040	0
1760516_s_at	con1040	-1
1761944_s_at	con1040	0
1763198_s_at	con1040	0
1761873_s_at	con1040	0
1759502_s_at	con1040	0
1762151_s_at	con1040	0
1760453_s_at	con1040	0
1760164_s_at	con1040	0
1762105_s_at	con1040	0
1760894_s_at	con1040	0
1761434_s_at	con1040	0
1762880_s_at	con1040	0
1760951_s_at	con1040	0
1762787_s_at	con1040	0
1763138_s_at	con1040	0
1761145_s_at	con1040	0
1762983_s_at	con1040	0
1762401_s_at	con1040	0
1760594_s_at	con1040	0
1762388_s_at	con1040	-1
1763383_at	con1040	0
1762945_s_at	con1040	0
1762118_s_at	con1040	0
1759080_s_at	con1040	0
1763410_s_at	con1040	0
1762819_s_at	con1041	0
1761222_s_at	con1041	0
1761030_s_at	con1041	0
1759540_s_at	con1041	0
1763146_s_at	con1041	0
1759828_s_at	con1041	0
1761884_s_at	con1041	-1
1761553_s_at	con1041	2
1762701_s_at	con1041	0
1761189_s_at	con1041	0
1759302_s_at	con1041	0
1759829_s_at	con1041	0
1763491_s_at	con1041	0
1762633_s_at	con1041	0
1761245_s_at	con1041	0
1761277_s_at	con1041	1
1763426_s_at	con1041	0
1759781_s_at	con1041	0
1760088_s_at	con1041	0
1759906_s_at	con1041	0
1763132_s_at	con1041	0
1761160_s_at	con1041	0
1761128_at	con1041	0
1763490_s_at	con1041	0
1761620_s_at	con1041	0
1760516_s_at	con1041	-1
1761944_s_at	con1041	0
1763198_s_at	con1041	0
1761873_s_at	con1041	0
1759502_s_at	con1041	0
1762151_s_at	con1041	0
1760453_s_at	con1041	0
1760164_s_at	con1041	0
1762105_s_at	con1041	0
1760894_s_at	con1041	0
1761434_s_at	con1041	0
1762880_s_at	con1041	0
1760951_s_at	con1041	0
1762787_s_at	con1041	0
1763138_s_at	con1041	0
1761145_s_at	con1041	0
1762983_s_at	con1041	0
1762401_s_at	con1041	0
1760594_s_at	con1041	0
1762388_s_at	con1041	0
1763383_at	con1041	0
1762945_s_at	con1041	0
1762118_s_at	con1041	0
1759080_s_at	con1041	0
1763410_s_at	con1041	0
1762819_s_at	con109	0
1761222_s_at	con109	0
1761030_s_at	con109	0
1759540_s_at	con109	1
1763146_s_at	con109	0
1759828_s_at	con109	0
1761884_s_at	con109	-2
1761553_s_at	con109	1
1762701_s_at	con109	0
1761189_s_at	con109	0
1759302_s_at	con109	0
1759829_s_at	con109	0
1763491_s_at	con109	0
1762633_s_at	con109	0
1761245_s_at	con109	0
1761277_s_at	con109	0
1763426_s_at	con109	0
1759781_s_at	con109	0
1760088_s_at	con109	0
1759906_s_at	con109	0
1763132_s_at	con109	0
1761160_s_at	con109	0
1761128_at	con109	1
1763490_s_at	con109	0
1761620_s_at	con109	0
1760516_s_at	con109	0
1761944_s_at	con109	0
1763198_s_at	con109	0
1761873_s_at	con109	0
1759502_s_at	con109	0
1762151_s_at	con109	0
1760453_s_at	con109	0
1760164_s_at	con109	0
1762105_s_at	con109	0
1760894_s_at	con109	0
1761434_s_at	con109	0
1762880_s_at	con109	-1
1760951_s_at	con109	0
1762787_s_at	con109	0
1763138_s_at	con109	0
1761145_s_at	con109	0
1762983_s_at	con109	0
1762401_s_at	con109	1
1760594_s_at	con109	0
1762388_s_at	con109	-1
1763383_at	con109	0
1762945_s_at	con109	0
1762118_s_at	con109	1
1759080_s_at	con109	0
1763410_s_at	con109	0
1762819_s_at	con174	0
1761222_s_at	con174	0
1761030_s_at	con174	0
1759540_s_at	con174	1
1763146_s_at	con174	0
1759828_s_at	con174	0
1761884_s_at	con174	-1
1761553_s_at	con174	-1
1762701_s_at	con174	0
1761189_s_at	con174	0
1759302_s_at	con174	0
1759829_s_at	con174	1
1763491_s_at	con174	0
1762633_s_at	con174	0
1761245_s_at	con174	0
1761277_s_at	con174	-1
1763426_s_at	con174	-1
1759781_s_at	con174	1
1760088_s_at	con174	0
1759906_s_at	con174	0
1763132_s_at	con174	0
1761160_s_at	con174	0
1761128_at	con174	0
1763490_s_at	con174	0
1761620_s_at	con174	0
1760516_s_at	con174	1
1761944_s_at	con174	0
1763198_s_at	con174	0
1761873_s_at	con174	0
1759502_s_at	con174	-1
1762151_s_at	con174	0
1760453_s_at	con174	0
1760164_s_at	con174	0
1762105_s_at	con174	0
1760894_s_at	con174	0
1761434_s_at	con174	0
1762880_s_at	con174	0
1760951_s_at	con174	0
1762787_s_at	con174	0
1763138_s_at	con174	-1
1761145_s_at	con174	0
1762983_s_at	con174	0
1762401_s_at	con174	1
1760594_s_at	con174	0
1762388_s_at	con174	0
1763383_at	con174	0
1762945_s_at	con174	0
1762118_s_at	con174	0
1759080_s_at	con174	0
1763410_s_at	con174	0
1762819_s_at	con184	0
1761222_s_at	con184	0
1761030_s_at	con184	0
1759540_s_at	con184	1
1763146_s_at	con184	0
1759828_s_at	con184	0
1761884_s_at	con184	-2
1761553_s_at	con184	-1
1762701_s_at	con184	0
1761189_s_at	con184	0
1759302_s_at	con184	0
1759829_s_at	con184	0
1763491_s_at	con184	1
1762633_s_at	con184	0
1761245_s_at	con184	0
1761277_s_at	con184	0
1763426_s_at	con184	0
1759781_s_at	con184	1
1760088_s_at	con184	0
1759906_s_at	con184	0
1763132_s_at	con184	0
1761160_s_at	con184	0
1761128_at	con184	1
1763490_s_at	con184	1
1761620_s_at	con184	0
1760516_s_at	con184	1
1761944_s_at	con184	1
1763198_s_at	con184	0
1761873_s_at	con184	0
1759502_s_at	con184	0
1762151_s_at	con184	1
1760453_s_at	con184	0
1760164_s_at	con184	0
1762105_s_at	con184	1
1760894_s_at	con184	0
1761434_s_at	con184	-1
1762880_s_at	con184	-1
1760951_s_at	con184	0
1762787_s_at	con184	0
1763138_s_at	con184	0
1761145_s_at	con184	0
1762983_s_at	con184	0
1762401_s_at	con184	1
1760594_s_at	con184	0
1762388_s_at	con184	0
1763383_at	con184	0
1762945_s_at	con184	0
1762118_s_at	con184	0
1759080_s_at	con184	0
1763410_s_at	con184	0
1762819_s_at	con151	0
1761222_s_at	con151	0
1761030_s_at	con151	-1
1759540_s_at	con151	-1
1763146_s_at	con151	0
1759828_s_at	con151	0
1761884_s_at	con151	0
1761553_s_at	con151	0
1762701_s_at	con151	0
1761189_s_at	con151	-1
1759302_s_at	con151	0
1759829_s_at	con151	0
1763491_s_at	con151	-1
1762633_s_at	con151	0
1761245_s_at	con151	0
1761277_s_at	con151	-2
1763426_s_at	con151	0
1759781_s_at	con151	0
1760088_s_at	con151	0
1759906_s_at	con151	0
1763132_s_at	con151	0
1761160_s_at	con151	0
1761128_at	con151	0
1763490_s_at	con151	0
1761620_s_at	con151	-1
1760516_s_at	con151	0
1761944_s_at	con151	-2
1763198_s_at	con151	0
1761873_s_at	con151	-1
1759502_s_at	con151	0
1762151_s_at	con151	-1
1760453_s_at	con151	0
1760164_s_at	con151	0
1762105_s_at	con151	-2
1760894_s_at	con151	0
1761434_s_at	con151	-2
1762880_s_at	con151	0
1760951_s_at	con151	0
1762787_s_at	con151	0
1763138_s_at	con151	0
1761145_s_at	con151	-1
1762983_s_at	con151	-2
1762401_s_at	con151	0
1760594_s_at	con151	0
1762388_s_at	con151	0
1763383_at	con151	0
1762945_s_at	con151	-1
1762118_s_at	con151	0
1759080_s_at	con151	0
1763410_s_at	con151	0
1762819_s_at	con15	0
1761222_s_at	con15	0
1761030_s_at	con15	0
1759540_s_at	con15	0
1763146_s_at	con15	0
1759828_s_at	con15	0
1761884_s_at	con15	0
1761553_s_at	con15	0
1762701_s_at	con15	0
1761189_s_at	con15	0
1759302_s_at	con15	0
1759829_s_at	con15	0
1763491_s_at	con15	1
1762633_s_at	con15	0
1761245_s_at	con15	0
1761277_s_at	con15	0
1763426_s_at	con15	0
1759781_s_at	con15	0
1760088_s_at	con15	0
1759906_s_at	con15	0
1763132_s_at	con15	0
1761160_s_at	con15	0
1761128_at	con15	0
1763490_s_at	con15	0
1761620_s_at	con15	0
1760516_s_at	con15	0
1761944_s_at	con15	0
1763198_s_at	con15	0
1761873_s_at	con15	0
1759502_s_at	con15	0
1762151_s_at	con15	1
1760453_s_at	con15	0
1760164_s_at	con15	0
1762105_s_at	con15	0
1760894_s_at	con15	0
1761434_s_at	con15	0
1762880_s_at	con15	0
1760951_s_at	con15	0
1762787_s_at	con15	0
1763138_s_at	con15	0
1761145_s_at	con15	0
1762983_s_at	con15	0
1762401_s_at	con15	0
1760594_s_at	con15	0
1762388_s_at	con15	0
1763383_at	con15	0
1762945_s_at	con15	1
1762118_s_at	con15	0
1759080_s_at	con15	0
1763410_s_at	con15	0
1762819_s_at	con108	0
1761222_s_at	con108	0
1761030_s_at	con108	0
1759540_s_at	con108	0
1763146_s_at	con108	0
1759828_s_at	con108	0
1761884_s_at	con108	-1
1761553_s_at	con108	1
1762701_s_at	con108	0
1761189_s_at	con108	0
1759302_s_at	con108	0
1759829_s_at	con108	0
1763491_s_at	con108	1
1762633_s_at	con108	0
1761245_s_at	con108	0
1761277_s_at	con108	0
1763426_s_at	con108	0
1759781_s_at	con108	0
1760088_s_at	con108	0
1759906_s_at	con108	0
1763132_s_at	con108	0
1761160_s_at	con108	0
1761128_at	con108	0
1763490_s_at	con108	0
1761620_s_at	con108	0
1760516_s_at	con108	0
1761944_s_at	con108	0
1763198_s_at	con108	-1
1761873_s_at	con108	1
1759502_s_at	con108	0
1762151_s_at	con108	0
1760453_s_at	con108	0
1760164_s_at	con108	0
1762105_s_at	con108	0
1760894_s_at	con108	0
1761434_s_at	con108	0
1762880_s_at	con108	0
1760951_s_at	con108	1
1762787_s_at	con108	0
1763138_s_at	con108	0
1761145_s_at	con108	0
1762983_s_at	con108	0
1762401_s_at	con108	0
1760594_s_at	con108	0
1762388_s_at	con108	-1
1763383_at	con108	0
1762945_s_at	con108	0
1762118_s_at	con108	0
1759080_s_at	con108	0
1763410_s_at	con108	0
1762819_s_at	con192	0
1761222_s_at	con192	-1
1761030_s_at	con192	1
1759540_s_at	con192	0
1763146_s_at	con192	-1
1759828_s_at	con192	1
1761884_s_at	con192	0
1761553_s_at	con192	-1
1762701_s_at	con192	0
1761189_s_at	con192	0
1759302_s_at	con192	1
1759829_s_at	con192	0
1763491_s_at	con192	2
1762633_s_at	con192	0
1761245_s_at	con192	1
1761277_s_at	con192	-1
1763426_s_at	con192	0
1759781_s_at	con192	0
1760088_s_at	con192	2
1759906_s_at	con192	1
1763132_s_at	con192	-1
1761160_s_at	con192	0
1761128_at	con192	1
1763490_s_at	con192	0
1761620_s_at	con192	1
1760516_s_at	con192	1
1761944_s_at	con192	0
1763198_s_at	con192	-1
1761873_s_at	con192	2
1759502_s_at	con192	2
1762151_s_at	con192	3
1760453_s_at	con192	0
1760164_s_at	con192	0
1762105_s_at	con192	0
1760894_s_at	con192	0
1761434_s_at	con192	1
1762880_s_at	con192	-1
1760951_s_at	con192	1
1762787_s_at	con192	0
1763138_s_at	con192	-1
1761145_s_at	con192	0
1762983_s_at	con192	0
1762401_s_at	con192	1
1760594_s_at	con192	1
1762388_s_at	con192	0
1763383_at	con192	1
1762945_s_at	con192	1
1762118_s_at	con192	2
1759080_s_at	con192	0
1763410_s_at	con192	1
1762819_s_at	con1033	-1
1761222_s_at	con1033	0
1761030_s_at	con1033	0
1759540_s_at	con1033	0
1763146_s_at	con1033	0
1759828_s_at	con1033	-1
1761884_s_at	con1033	0
1761553_s_at	con1033	-2
1762701_s_at	con1033	0
1761189_s_at	con1033	0
1759302_s_at	con1033	0
1759829_s_at	con1033	0
1763491_s_at	con1033	0
1762633_s_at	con1033	0
1761245_s_at	con1033	2
1761277_s_at	con1033	0
1763426_s_at	con1033	0
1759781_s_at	con1033	0
1760088_s_at	con1033	0
1759906_s_at	con1033	0
1763132_s_at	con1033	1
1761160_s_at	con1033	0
1761128_at	con1033	1
1763490_s_at	con1033	-1
1761620_s_at	con1033	3
1760516_s_at	con1033	0
1761944_s_at	con1033	0
1763198_s_at	con1033	0
1761873_s_at	con1033	4
1759502_s_at	con1033	-1
1762151_s_at	con1033	1
1760453_s_at	con1033	0
1760164_s_at	con1033	0
1762105_s_at	con1033	0
1760894_s_at	con1033	1
1761434_s_at	con1033	0
1762880_s_at	con1033	1
1760951_s_at	con1033	1
1762787_s_at	con1033	0
1763138_s_at	con1033	1
1761145_s_at	con1033	1
1762983_s_at	con1033	-1
1762401_s_at	con1033	2
1760594_s_at	con1033	-1
1762388_s_at	con1033	0
1763383_at	con1033	0
1762945_s_at	con1033	1
1762118_s_at	con1033	-1
1759080_s_at	con1033	-1
1763410_s_at	con1033	-1
1762819_s_at	con199	-1
1761222_s_at	con199	0
1761030_s_at	con199	-1
1759540_s_at	con199	-1
1763146_s_at	con199	0
1759828_s_at	con199	0
1761884_s_at	con199	-1
1761553_s_at	con199	-3
1762701_s_at	con199	0
1761189_s_at	con199	0
1759302_s_at	con199	-1
1759829_s_at	con199	0
1763491_s_at	con199	3
1762633_s_at	con199	0
1761245_s_at	con199	2
1761277_s_at	con199	-8
1763426_s_at	con199	0
1759781_s_at	con199	0
1760088_s_at	con199	0
1759906_s_at	con199	0
1763132_s_at	con199	0
1761160_s_at	con199	-1
1761128_at	con199	0
1763490_s_at	con199	2
1761620_s_at	con199	-5
1760516_s_at	con199	2
1761944_s_at	con199	-4
1763198_s_at	con199	0
1761873_s_at	con199	-3
1759502_s_at	con199	0
1762151_s_at	con199	0
1760453_s_at	con199	0
1760164_s_at	con199	0
1762105_s_at	con199	-5
1760894_s_at	con199	1
1761434_s_at	con199	-4
1762880_s_at	con199	1
1760951_s_at	con199	1
1762787_s_at	con199	2
1763138_s_at	con199	0
1761145_s_at	con199	0
1762983_s_at	con199	-4
1762401_s_at	con199	0
1760594_s_at	con199	0
1762388_s_at	con199	0
1763383_at	con199	-1
1762945_s_at	con199	-1
1762118_s_at	con199	-1
1759080_s_at	con199	0
1763410_s_at	con199	-1
1762819_s_at	con1032	-1
1761222_s_at	con1032	0
1761030_s_at	con1032	0
1759540_s_at	con1032	0
1763146_s_at	con1032	0
1759828_s_at	con1032	0
1761884_s_at	con1032	0
1761553_s_at	con1032	-3
1762701_s_at	con1032	0
1761189_s_at	con1032	0
1759302_s_at	con1032	0
1759829_s_at	con1032	0
1763491_s_at	con1032	0
1762633_s_at	con1032	0
1761245_s_at	con1032	1
1761277_s_at	con1032	0
1763426_s_at	con1032	0
1759781_s_at	con1032	-1
1760088_s_at	con1032	0
1759906_s_at	con1032	0
1763132_s_at	con1032	0
1761160_s_at	con1032	0
1761128_at	con1032	0
1763490_s_at	con1032	0
1761620_s_at	con1032	3
1760516_s_at	con1032	0
1761944_s_at	con1032	0
1763198_s_at	con1032	0
1761873_s_at	con1032	3
1759502_s_at	con1032	0
1762151_s_at	con1032	1
1760453_s_at	con1032	0
1760164_s_at	con1032	0
1762105_s_at	con1032	0
1760894_s_at	con1032	2
1761434_s_at	con1032	-1
1762880_s_at	con1032	0
1760951_s_at	con1032	2
1762787_s_at	con1032	0
1763138_s_at	con1032	0
1761145_s_at	con1032	0
1762983_s_at	con1032	-1
1762401_s_at	con1032	1
1760594_s_at	con1032	0
1762388_s_at	con1032	0
1763383_at	con1032	0
1762945_s_at	con1032	1
1762118_s_at	con1032	0
1759080_s_at	con1032	0
1763410_s_at	con1032	0
1762819_s_at	con185	0
1761222_s_at	con185	0
1761030_s_at	con185	0
1759540_s_at	con185	0
1763146_s_at	con185	0
1759828_s_at	con185	0
1761884_s_at	con185	0
1761553_s_at	con185	0
1762701_s_at	con185	0
1761189_s_at	con185	0
1759302_s_at	con185	0
1759829_s_at	con185	1
1763491_s_at	con185	1
1762633_s_at	con185	0
1761245_s_at	con185	0
1761277_s_at	con185	0
1763426_s_at	con185	0
1759781_s_at	con185	0
1760088_s_at	con185	1
1759906_s_at	con185	0
1763132_s_at	con185	0
1761160_s_at	con185	0
1761128_at	con185	0
1763490_s_at	con185	0
1761620_s_at	con185	2
1760516_s_at	con185	0
1761944_s_at	con185	0
1763198_s_at	con185	0
1761873_s_at	con185	3
1759502_s_at	con185	0
1762151_s_at	con185	1
1760453_s_at	con185	0
1760164_s_at	con185	0
1762105_s_at	con185	0
1760894_s_at	con185	-1
1761434_s_at	con185	0
1762880_s_at	con185	0
1760951_s_at	con185	-1
1762787_s_at	con185	1
1763138_s_at	con185	0
1761145_s_at	con185	0
1762983_s_at	con185	0
1762401_s_at	con185	0
1760594_s_at	con185	-1
1762388_s_at	con185	0
1763383_at	con185	0
1762945_s_at	con185	0
1762118_s_at	con185	0
1759080_s_at	con185	0
1763410_s_at	con185	1
1762819_s_at	con17	0
1761222_s_at	con17	0
1761030_s_at	con17	0
1759540_s_at	con17	0
1763146_s_at	con17	0
1759828_s_at	con17	0
1761884_s_at	con17	0
1761553_s_at	con17	-1
1762701_s_at	con17	0
1761189_s_at	con17	0
1759302_s_at	con17	2
1759829_s_at	con17	0
1763491_s_at	con17	0
1762633_s_at	con17	0
1761245_s_at	con17	0
1761277_s_at	con17	-1
1763426_s_at	con17	0
1759781_s_at	con17	0
1760088_s_at	con17	1
1759906_s_at	con17	2
1763132_s_at	con17	0
1761160_s_at	con17	1
1761128_at	con17	0
1763490_s_at	con17	0
1761620_s_at	con17	0
1760516_s_at	con17	0
1761944_s_at	con17	0
1763198_s_at	con17	0
1761873_s_at	con17	0
1759502_s_at	con17	2
1762151_s_at	con17	0
1760453_s_at	con17	0
1760164_s_at	con17	0
1762105_s_at	con17	0
1760894_s_at	con17	0
1761434_s_at	con17	0
1762880_s_at	con17	0
1760951_s_at	con17	0
1762787_s_at	con17	0
1763138_s_at	con17	0
1761145_s_at	con17	1
1762983_s_at	con17	0
1762401_s_at	con17	0
1760594_s_at	con17	0
1762388_s_at	con17	0
1763383_at	con17	0
1762945_s_at	con17	0
1762118_s_at	con17	0
1759080_s_at	con17	2
1763410_s_at	con17	0
